use expenses_sharing;

-- user inserts
insert into users (id, mail, username, password, firstname, lastname, phone, image, active) values (1, 'fmiddle0@odnoklassniki.ru', 'fmiddle0', 'eG3@!7,0XeqJT', 'Francoise', 'Middle', '+351 108 294 4965', 'http://dummyimage.com/225x100.png/ff4444/ffffff', true);
insert into users (id, mail, username, password, firstname, lastname, phone, image, active) values (2, 'ndafter1@w3.org', 'ndafter1', 'sB0\|lY\>IW5p)n', 'Noella', 'Dafter', '+55 443 143 8835', 'http://dummyimage.com/161x100.png/ff4444/ffffff', true);
insert into users (id, mail, username, password, firstname, lastname, phone, image, active) values (3, 'chuggin2@youku.com', 'chuggin2', 'tB5,,!J=%vcW(e', 'Cinnamon', 'Huggin', '+86 763 347 1345', 'http://dummyimage.com/193x100.png/dddddd/000000', true);
insert into users (id, mail, username, password, firstname, lastname, phone, image, active) values (4, 'mjossel3@dell.com', 'mjossel3', 'cA9''T)fsz?', 'Mireille', 'Jossel', '+86 903 683 7967', 'http://dummyimage.com/168x100.png/5fa2dd/ffffff', true);
insert into users (id, mail, username, password, firstname, lastname, phone, image, active) values (5, 'gdunston4@stumbleupon.com', 'gdunston4', 'jR9&$ZEAl)$,Y', 'Gamaliel', 'Dunston', '+1 650 913 8983', 'http://dummyimage.com/115x100.png/dddddd/000000', true);
insert into users (id, mail, username, password, firstname, lastname, phone, image, active) values (6, 'pdouty5@bloglines.com', 'pdouty5', 'hU8#1tS4~', 'Penrod', 'Douty', '+62 928 368 0697', 'http://dummyimage.com/188x100.png/cc0000/ffffff', true);
insert into users (id, mail, username, password, firstname, lastname, phone, image, active) values (7, 'kmeas6@bing.com', 'kmeas6', 'wL0?UBzE#_J{*y', 'Korella', 'Meas', '+386 794 852 0498', 'http://dummyimage.com/167x100.png/cc0000/ffffff', true);
insert into users (id, mail, username, password, firstname, lastname, phone, image, active) values (8, 'gwindrum7@vkontakte.ru', 'gwindrum7', 'eG2@FCB+i<<e''V', 'Garth', 'Windrum', '+98 295 795 1162', 'http://dummyimage.com/187x100.png/dddddd/000000', true);
insert into users (id, mail, username, password, firstname, lastname, phone, image, active) values (9, 'yalvey8@mapy.cz', 'yalvey8', 'gD4#?qH>FrrD9$O', 'Yuri', 'Alvey', '+62 180 697 4004', 'http://dummyimage.com/180x100.png/cc0000/ffffff', true);
insert into users (id, mail, username, password, firstname, lastname, phone, image, active) values (10, 'dcappleman9@state.gov', 'dcappleman9', 'kV5&Z%V2w(', 'Damian', 'Cappleman', '+380 475 686 9426', 'http://dummyimage.com/182x100.png/5fa2dd/ffffff', true);
insert into users (id, mail, username, password, firstname, lastname, phone, image, active) values (11, 'gdaubenya@yandex.ru', 'gdaubenya', 'eD5#~1!T#', 'Geralda', 'Daubeny', '+81 727 421 9828', 'http://dummyimage.com/214x100.png/cc0000/ffffff', true);
insert into users (id, mail, username, password, firstname, lastname, phone, image, active) values (12, 'avirgob@epa.gov', 'avirgob', 'lG5,e9~$\U1*k', 'Amalita', 'Virgo', '+86 540 534 2313', 'http://dummyimage.com/152x100.png/dddddd/000000', true);
insert into users (id, mail, username, password, firstname, lastname, phone, image, active) values (13, 'mdorringtonc@theglobeandmail.com', 'mdorringtonc', 'mK8"9G+?Im7=@Mm', 'Marwin', 'Dorrington', '+86 844 194 3357', 'http://dummyimage.com/115x100.png/5fa2dd/ffffff', true);
insert into users (id, mail, username, password, firstname, lastname, phone, image, active) values (14, 'rbetjesd@nih.gov', 'rbetjesd', 'aA7<PZ%zlIhR3', 'Regine', 'Betjes', '+856 396 674 9336', 'http://dummyimage.com/205x100.png/ff4444/ffffff', true);
insert into users (id, mail, username, password, firstname, lastname, phone, image, active) values (15, 'ikervine@sakura.ne.jp', 'ikervine', 'tD9=NlrtcrmVX)V', 'Isabelita', 'Kervin', '+92 251 713 4891', 'http://dummyimage.com/240x100.png/cc0000/ffffff', true);
insert into users (id, mail, username, password, firstname, lastname, phone, image, active) values (16, 'bbirkwoodf@xing.com', 'bbirkwoodf', 'iG7_CQ7hn42{=!', 'Brandtr', 'Birkwood', '+98 890 370 7808', 'http://dummyimage.com/138x100.png/ff4444/ffffff', true);
insert into users (id, mail, username, password, firstname, lastname, phone, image, active) values (17, 'mwestbergg@discovery.com', 'mwestbergg', 'wH9#SUV.>''heOL', 'Marcelia', 'Westberg', '+86 119 166 4629', 'http://dummyimage.com/149x100.png/cc0000/ffffff', true);
insert into users (id, mail, username, password, firstname, lastname, phone, image, active) values (18, 'omarah@freewebs.com', 'omarah', 'kZ7*A<T{m', 'Oswell', 'Mara', '+51 920 725 7587', 'http://dummyimage.com/153x100.png/5fa2dd/ffffff', true);
insert into users (id, mail, username, password, firstname, lastname, phone, image, active) values (19, 'achiechioi@php.net', 'achiechioi', 'qN7|A!+=B,pBAR~', 'Abbe', 'Chiechio', '+86 781 689 2001', 'http://dummyimage.com/180x100.png/cc0000/ffffff', true);
insert into users (id, mail, username, password, firstname, lastname, phone, image, active) values (20, 'dvescoj@irs.gov', 'dvescoj', 'pG0}6}Ydp''j,NSRG', 'Dell', 'Vesco', '+62 693 369 8241', 'http://dummyimage.com/197x100.png/5fa2dd/ffffff', true);
insert into users (id, mail, username, password, firstname, lastname, phone, image, active) values (21, 'cbookk@sakura.ne.jp', 'cbookk', 'vR6&nE%vk.ebv', 'Carla', 'Book', '+86 460 573 1931', 'http://dummyimage.com/244x100.png/cc0000/ffffff', true);
insert into users (id, mail, username, password, firstname, lastname, phone, image, active) values (22, 'pbetancourtl@shop-pro.jp', 'pbetancourtl', 'gO3{hyakY''nm"8', 'Paige', 'Betancourt', '+62 642 645 9319', 'http://dummyimage.com/147x100.png/cc0000/ffffff', true);
insert into users (id, mail, username, password, firstname, lastname, phone, image, active) values (23, 'rdoylym@fema.gov', 'rdoylym', 'vT4\z*}uhz', 'Robinson', 'D''Oyly', '+92 784 263 5735', 'http://dummyimage.com/230x100.png/5fa2dd/ffffff', true);
insert into users (id, mail, username, password, firstname, lastname, phone, image, active) values (24, 'tshutlern@51.la', 'tshutlern', 'rQ2|MgD8&T.r', 'Trudie', 'Shutler', '+977 352 959 7162', 'http://dummyimage.com/142x100.png/ff4444/ffffff', true);
insert into users (id, mail, username, password, firstname, lastname, phone, image, active) values (25, 'kshaweo@guardian.co.uk', 'kshaweo', 'oX1&irfj9', 'Krystle', 'Shawe', '+591 347 598 4294', 'http://dummyimage.com/220x100.png/dddddd/000000', true);
insert into users (id, mail, username, password, firstname, lastname, phone, image, active) values (26, 'arugierop@i2i.jp', 'arugierop', 'oS3/wcwv5&B9Ay', 'Ashla', 'Rugiero', '+51 672 263 6038', 'http://dummyimage.com/214x100.png/ff4444/ffffff', true);
insert into users (id, mail, username, password, firstname, lastname, phone, image, active) values (27, 'mambresinq@google.co.jp', 'mambresinq', 'gS5%KvE1', 'Mel', 'Ambresin', '+352 853 462 4759', 'http://dummyimage.com/110x100.png/5fa2dd/ffffff', true);
insert into users (id, mail, username, password, firstname, lastname, phone, image, active) values (28, 'tandererr@posterous.com', 'tandererr', 'aL4{\8nvD\wNYDf5', 'Tad', 'Anderer', '+48 147 416 3179', 'http://dummyimage.com/234x100.png/cc0000/ffffff', true);
insert into users (id, mail, username, password, firstname, lastname, phone, image, active) values (29, 'wlevicks@telegraph.co.uk', 'wlevicks', 'aB2''EdLb', 'Willette', 'Levick', '+251 484 961 9730', 'http://dummyimage.com/108x100.png/5fa2dd/ffffff', true);
insert into users (id, mail, username, password, firstname, lastname, phone, image, active) values (30, 'abridgent@clickbank.net', 'abridgent', 'nW6{ls+n6,rZ)', 'Aveline', 'Bridgen', '+351 231 452 8070', 'http://dummyimage.com/237x100.png/5fa2dd/ffffff', true);
insert into users (id, mail, username, password, firstname, lastname, phone, image, active) values (31, 'nordu@123-reg.co.uk', 'nordu', 'jD4#UO/6', 'Nels', 'Ord', '+86 374 117 3463', 'http://dummyimage.com/119x100.png/5fa2dd/ffffff', true);
insert into users (id, mail, username, password, firstname, lastname, phone, image, active) values (32, 'leliassonv@newsvine.com', 'leliassonv', 'fC0#qlVBgY/hB', 'Leandra', 'Eliasson', '+351 777 535 0051', 'http://dummyimage.com/172x100.png/cc0000/ffffff', true);
insert into users (id, mail, username, password, firstname, lastname, phone, image, active) values (33, 'alavaldew@about.com', 'alavaldew', 'bC4~E<`4nsx?@C&e', 'Adelice', 'Lavalde', '+66 277 468 1110', 'http://dummyimage.com/163x100.png/dddddd/000000', true);
insert into users (id, mail, username, password, firstname, lastname, phone, image, active) values (34, 'jkummerlowex@indiegogo.com', 'jkummerlowex', 'bT4@&BhuY,', 'Joana', 'Kummerlowe', '+62 933 849 5937', 'http://dummyimage.com/173x100.png/5fa2dd/ffffff', true);
insert into users (id, mail, username, password, firstname, lastname, phone, image, active) values (35, 'tgrzegoreky@gov.uk', 'tgrzegoreky', 'wO3<U`Gh7)7|kx', 'Trueman', 'Grzegorek', '+46 238 867 1143', 'http://dummyimage.com/247x100.png/cc0000/ffffff', true);
insert into users (id, mail, username, password, firstname, lastname, phone, image, active) values (36, 'nllewellenz@wunderground.com', 'nllewellenz', 'lH3}.x`VuM', 'Normand', 'Llewellen', '+66 894 896 4128', 'http://dummyimage.com/144x100.png/dddddd/000000', true);
insert into users (id, mail, username, password, firstname, lastname, phone, image, active) values (37, 'dnurcombe10@arstechnica.com', 'dnurcombe10', 'sI2.?!~nE#vVmATF', 'Damon', 'Nurcombe', '+62 533 126 9344', 'http://dummyimage.com/115x100.png/5fa2dd/ffffff', true);
insert into users (id, mail, username, password, firstname, lastname, phone, image, active) values (38, 'mwhodcoat11@ning.com', 'mwhodcoat11', 'eW9$4JlNraB|', 'Malchy', 'Whodcoat', '+86 971 524 8850', 'http://dummyimage.com/225x100.png/dddddd/000000', true);
insert into users (id, mail, username, password, firstname, lastname, phone, image, active) values (39, 'tdebrett12@friendfeed.com', 'tdebrett12', 'qZ5(w0+cye4', 'Twila', 'De Brett', '+351 218 943 5717', 'http://dummyimage.com/125x100.png/cc0000/ffffff', true);
insert into users (id, mail, username, password, firstname, lastname, phone, image, active) values (40, 'ilebang13@people.com.cn', 'ilebang13', 'xT2+4Yv\E', 'Imogen', 'Lebang', '+81 602 738 6806', 'http://dummyimage.com/235x100.png/cc0000/ffffff', true);
insert into users (id, mail, username, password, firstname, lastname, phone, image, active) values (41, 'gleishman14@ucsd.edu', 'gleishman14', 'lI6>M,(C23XRP1kP', 'Grantham', 'Leishman', '+48 126 150 3998', 'http://dummyimage.com/198x100.png/cc0000/ffffff', true);
insert into users (id, mail, username, password, firstname, lastname, phone, image, active) values (42, 'dkeough15@ehow.com', 'dkeough15', 'tC6"/?=9YaU', 'Daren', 'Keough', '+57 701 405 8100', 'http://dummyimage.com/144x100.png/5fa2dd/ffffff', true);
insert into users (id, mail, username, password, firstname, lastname, phone, image, active) values (43, 'mdevereux16@cbc.ca', 'mdevereux16', 'gF2|g~wx2=D_c~i3', 'Milicent', 'Devereux', '+94 588 955 2675', 'http://dummyimage.com/173x100.png/cc0000/ffffff', true);
insert into users (id, mail, username, password, firstname, lastname, phone, image, active) values (44, 'tedbrooke17@yellowpages.com', 'tedbrooke17', 'uX3\lkUdq', 'Tyrus', 'Edbrooke', '+55 961 936 9135', 'http://dummyimage.com/123x100.png/dddddd/000000', true);
insert into users (id, mail, username, password, firstname, lastname, phone, image, active) values (45, 'tsilverthorne18@addtoany.com', 'tsilverthorne18', 'eJ4#H.<.wdBw<', 'Tove', 'Silverthorne', '+46 164 487 6805', 'http://dummyimage.com/188x100.png/cc0000/ffffff', true);
insert into users (id, mail, username, password, firstname, lastname, phone, image, active) values (46, 'calldridge19@elegantthemes.com', 'calldridge19', 'kK1+F#82O~', 'Claus', 'Alldridge', '+420 166 422 4517', 'http://dummyimage.com/136x100.png/dddddd/000000', true);
insert into users (id, mail, username, password, firstname, lastname, phone, image, active) values (47, 'ndugald1a@ocn.ne.jp', 'ndugald1a', 'qI5#>o9+JM', 'Norbert', 'Dugald', '+62 188 715 2271', 'http://dummyimage.com/210x100.png/ff4444/ffffff', true);
insert into users (id, mail, username, password, firstname, lastname, phone, image, active) values (48, 'cpullen1b@adobe.com', 'cpullen1b', 'pM4>Ve{Gq', 'Chelsy', 'Pullen', '+55 576 151 0229', 'http://dummyimage.com/231x100.png/5fa2dd/ffffff', true);
insert into users (id, mail, username, password, firstname, lastname, phone, image, active) values (49, 'qfilochov1c@odnoklassniki.ru', 'qfilochov1c', 'zJ9+yV%!FB#Z3', 'Quent', 'Filochov', '+232 337 891 4312', 'http://dummyimage.com/164x100.png/cc0000/ffffff', true);
insert into users (id, mail, username, password, firstname, lastname, phone, image, active) values (50, 'emacmarcuis1d@about.me', 'emacmarcuis1d', 'bS8&XF}S=5<Mh%|5', 'Eldon', 'MacMarcuis', '+86 962 274 0636', 'http://dummyimage.com/200x100.png/dddddd/000000', true);
insert into users (id, mail, username, password, firstname, lastname, phone, image, active) values (51, 'ksinkings1e@paginegialle.it', 'ksinkings1e', 'yG6/D@Q.', 'Kinnie', 'Sinkings', '+86 570 431 5584', 'http://dummyimage.com/247x100.png/cc0000/ffffff', true);
insert into users (id, mail, username, password, firstname, lastname, phone, image, active) values (52, 'tbraxay1f@webnode.com', 'tbraxay1f', 'eL8>B3o~Qc', 'Tyson', 'Braxay', '+60 873 805 3350', 'http://dummyimage.com/187x100.png/5fa2dd/ffffff', true);
insert into users (id, mail, username, password, firstname, lastname, phone, image, active) values (53, 'ttredgold1g@globo.com', 'ttredgold1g', 'bS1,Dv0oT3j}&n', 'Tabatha', 'Tredgold', '+86 176 617 5979', 'http://dummyimage.com/179x100.png/ff4444/ffffff', true);
insert into users (id, mail, username, password, firstname, lastname, phone, image, active) values (54, 'qjordin1h@sun.com', 'qjordin1h', 'rJ4|m>B1>''?', 'Quintilla', 'Jordin', '+86 897 790 6672', 'http://dummyimage.com/231x100.png/5fa2dd/ffffff', true);
insert into users (id, mail, username, password, firstname, lastname, phone, image, active) values (55, 'hklosterman1i@upenn.edu', 'hklosterman1i', 'fF0~.!g8q&.r5<', 'Honey', 'Klosterman', '+33 610 262 9733', 'http://dummyimage.com/233x100.png/5fa2dd/ffffff', true);
insert into users (id, mail, username, password, firstname, lastname, phone, image, active) values (56, 'ltousey1j@cornell.edu', 'ltousey1j', 'gH3=m3W)', 'Layney', 'Tousey', '+46 773 938 8713', 'http://dummyimage.com/248x100.png/ff4444/ffffff', true);
insert into users (id, mail, username, password, firstname, lastname, phone, image, active) values (57, 'cmorling1k@fema.gov', 'cmorling1k', 'hU8&_c(+hnuC{lyL', 'Corinne', 'Morling', '+992 415 803 5019', 'http://dummyimage.com/137x100.png/dddddd/000000', true);
insert into users (id, mail, username, password, firstname, lastname, phone, image, active) values (58, 'bmcian1l@google.co.jp', 'bmcian1l', 'lE2{/iCQl', 'Brendis', 'McIan', '+81 663 762 3471', 'http://dummyimage.com/118x100.png/ff4444/ffffff', true);
insert into users (id, mail, username, password, firstname, lastname, phone, image, active) values (59, 'emarvelley1m@telegraph.co.uk', 'emarvelley1m', 'fU7$J$QExF}6&', 'Elie', 'Marvelley', '+351 444 187 6810', 'http://dummyimage.com/232x100.png/5fa2dd/ffffff', true);
insert into users (id, mail, username, password, firstname, lastname, phone, image, active) values (60, 'jharding1n@chron.com', 'jharding1n', 'pW0#Snzw', 'Jermain', 'Harding', '+86 450 700 5058', 'http://dummyimage.com/117x100.png/dddddd/000000', true);
insert into users (id, mail, username, password, firstname, lastname, phone, image, active) values (61, 'tcacacie1o@omniture.com', 'tcacacie1o', 'tC1=R!>W<cWIu', 'Tully', 'Cacacie', '+1 757 508 3687', 'http://dummyimage.com/184x100.png/dddddd/000000', true);
insert into users (id, mail, username, password, firstname, lastname, phone, image, active) values (62, 'rnaul1p@wikipedia.org', 'rnaul1p', 'iT6\$oDDNV0', 'Rania', 'Naul', '+86 499 493 7577', 'http://dummyimage.com/120x100.png/5fa2dd/ffffff', true);
insert into users (id, mail, username, password, firstname, lastname, phone, image, active) values (63, 'kmatherson1q@g.co', 'kmatherson1q', 'qR9<O''CSBxRP#', 'Kendal', 'Matherson', '+33 178 887 0429', 'http://dummyimage.com/191x100.png/dddddd/000000', true);
insert into users (id, mail, username, password, firstname, lastname, phone, image, active) values (64, 'rurey1r@miitbeian.gov.cn', 'rurey1r', 'lF4,I6I\c', 'Andrew', 'Urey', '+86 378 449 9216', 'http://dummyimage.com/143x100.png/ff4444/ffffff', true);
insert into users (id, mail, username, password, firstname, lastname, phone, image, active) values (65, 'wmangion1s@eepurl.com', 'wmangion1s', 'uJ7(whft2$F0m', 'Wiley', 'Mangion', '+229 775 844 5439', 'http://dummyimage.com/128x100.png/cc0000/ffffff', true);
insert into users (id, mail, username, password, firstname, lastname, phone, image, active) values (66, 'ggeram1t@domainmarket.com', 'ggeram1t', 'fJ7,@+Y"oB7m<', 'Glyn', 'Geram', '+7 820 141 2256', 'http://dummyimage.com/172x100.png/ff4444/ffffff', true);
insert into users (id, mail, username, password, firstname, lastname, phone, image, active) values (67, 'jogiany1u@npr.org', 'jogiany1u', 'sE4\g?`O9>', 'Jaclyn', 'O''Giany', '+63 971 784 1112', 'http://dummyimage.com/163x100.png/dddddd/000000', true);
insert into users (id, mail, username, password, firstname, lastname, phone, image, active) values (68, 'zwinram1v@utexas.edu', 'zwinram1v', 'hG0@i6qBrK!{#8|', 'Zelma', 'Winram', '+232 476 878 0268', 'http://dummyimage.com/206x100.png/dddddd/000000', true);
insert into users (id, mail, username, password, firstname, lastname, phone, image, active) values (69, 'aluckham1w@indiatimes.com', 'aluckham1w', 'uQ7!bk~05*K&~OC', 'Aube', 'Luckham', '+691 169 903 7999', 'http://dummyimage.com/189x100.png/ff4444/ffffff', true);
insert into users (id, mail, username, password, firstname, lastname, phone, image, active) values (70, 'dtendahl1x@fastcompany.com', 'dtendahl1x', 'wV1`Pr.=!X<U', 'Dusty', 'Tendahl', '+51 818 950 9091', 'http://dummyimage.com/154x100.png/cc0000/ffffff', true);
insert into users (id, mail, username, password, firstname, lastname, phone, image, active) values (71, 'tkmiec1y@godaddy.com', 'tkmiec1y', 'cI0=utj4t2c@@Q', 'Teodoor', 'Kmiec', '+86 596 574 5383', 'http://dummyimage.com/215x100.png/ff4444/ffffff', true);
insert into users (id, mail, username, password, firstname, lastname, phone, image, active) values (72, 'mjaycocks1z@washington.edu', 'mjaycocks1z', 'vI7>#O$}>\0oia', 'Maddy', 'Jaycocks', '+62 870 113 7184', 'http://dummyimage.com/148x100.png/ff4444/ffffff', true);
insert into users (id, mail, username, password, firstname, lastname, phone, image, active) values (73, 'soxford20@com.com', 'soxford20', 'hM1(v''Fo&~`N0nS', 'Stephan', 'Oxford', '+86 975 886 6589', 'http://dummyimage.com/209x100.png/ff4444/ffffff', true);
insert into users (id, mail, username, password, firstname, lastname, phone, image, active) values (74, 'vmclafferty21@adobe.com', 'vmclafferty21', 'zK4(c$G8WJ.iw{mO', 'Vin', 'McLafferty', '+33 417 548 8660', 'http://dummyimage.com/131x100.png/cc0000/ffffff', true);
insert into users (id, mail, username, password, firstname, lastname, phone, image, active) values (75, 'kworlock22@zimbio.com', 'kworlock22', 'uG5''H.>JP', 'Kylie', 'Worlock', '+976 727 208 3760', 'http://dummyimage.com/221x100.png/cc0000/ffffff', true);
insert into users (id, mail, username, password, firstname, lastname, phone, image, active) values (76, 'jwintersgill23@nifty.com', 'jwintersgill23', 'vD8,P.3Y3', 'Jolyn', 'Wintersgill', '+66 640 636 3374', 'http://dummyimage.com/238x100.png/ff4444/ffffff', true);
insert into users (id, mail, username, password, firstname, lastname, phone, image, active) values (77, 'rhalgarth24@psu.edu', 'rhalgarth24', 'aZ3)PMi@*rkRd', 'Rourke', 'Halgarth', '+420 695 247 4034', 'http://dummyimage.com/137x100.png/cc0000/ffffff', true);
insert into users (id, mail, username, password, firstname, lastname, phone, image, active) values (78, 'astouther25@reference.com', 'astouther25', 'nM1~''>6Ia)Fm', 'Alfonso', 'Stouther', '+7 467 452 2060', 'http://dummyimage.com/200x100.png/dddddd/000000', true);
insert into users (id, mail, username, password, firstname, lastname, phone, image, active) values (79, 'gbillinge26@histats.com', 'gbillinge26', 'wK0$$_4/Z#Q', 'Gwenette', 'Billinge', '+963 119 222 5268', 'http://dummyimage.com/148x100.png/cc0000/ffffff', true);
insert into users (id, mail, username, password, firstname, lastname, phone, image, active) values (80, 'hsillett27@statcounter.com', 'hsillett27', 'jH9)nXD8?%pLbX@', 'Hill', 'Sillett', '+224 822 480 2937', 'http://dummyimage.com/177x100.png/cc0000/ffffff', true);
insert into users (id, mail, username, password, firstname, lastname, phone, image, active) values (81, 'rskeemer28@clickbank.net', 'rskeemer28', 'wP9~*#u.', 'Reagan', 'Skeemer', '+371 430 559 3587', 'http://dummyimage.com/244x100.png/dddddd/000000', true);
insert into users (id, mail, username, password, firstname, lastname, phone, image, active) values (82, 'rcolbron29@ca.gov', 'rcolbron29', 'xO0%eWeDs#q', 'Rubi', 'Colbron', '+33 419 543 4202', 'http://dummyimage.com/102x100.png/cc0000/ffffff', true);
insert into users (id, mail, username, password, firstname, lastname, phone, image, active) values (83, 'fculkin2a@oaic.gov.au', 'fculkin2a', 'mS3.Tj/Pf$', 'Francene', 'Culkin', '+33 438 178 1589', 'http://dummyimage.com/218x100.png/ff4444/ffffff', true);
insert into users (id, mail, username, password, firstname, lastname, phone, image, active) values (84, 'pkender2b@admin.ch', 'pkender2b', 'gZ9&<k|4Vdx', 'Paten', 'Kender', '+63 978 691 4096', 'http://dummyimage.com/128x100.png/5fa2dd/ffffff', true);
insert into users (id, mail, username, password, firstname, lastname, phone, image, active) values (85, 'rwolfindale2c@unc.edu', 'rwolfindale2c', 'zZ0+MN1w<jv', 'Rebbecca', 'Wolfindale', '+54 437 342 8930', 'http://dummyimage.com/149x100.png/ff4444/ffffff', true);
insert into users (id, mail, username, password, firstname, lastname, phone, image, active) values (86, 'cskerme2d@ucoz.ru', 'cskerme2d', 'sZ9.xq?S)L<tU9V(', 'Carver', 'Skerme', '+86 936 891 0426', 'http://dummyimage.com/189x100.png/5fa2dd/ffffff', true);
insert into users (id, mail, username, password, firstname, lastname, phone, image, active) values (87, 'fmcaline2e@marketwatch.com', 'fmcaline2e', 'oY7''<eg4=3Bf', 'Fraze', 'McAline', '+64 414 311 6476', 'http://dummyimage.com/183x100.png/ff4444/ffffff', true);
insert into users (id, mail, username, password, firstname, lastname, phone, image, active) values (88, 'alumbers2f@mayoclinic.com', 'alumbers2f', 'rE1{ex+"#X|ux66h', 'Ardith', 'Lumbers', '+254 651 800 0579', 'http://dummyimage.com/236x100.png/cc0000/ffffff', true);
insert into users (id, mail, username, password, firstname, lastname, phone, image, active) values (89, 'tvaskin2g@state.gov', 'tvaskin2g', 'tA1"nocZ<}', 'Todd', 'Vaskin', '+1 773 904 2350', 'http://dummyimage.com/248x100.png/5fa2dd/ffffff', true);
insert into users (id, mail, username, password, firstname, lastname, phone, image, active) values (90, 'vdjokovic2h@aboutads.info', 'vdjokovic2h', 'sF2~`z~LZb', 'Vera', 'Djokovic', '+86 278 895 9886', 'http://dummyimage.com/167x100.png/cc0000/ffffff', true);
insert into users (id, mail, username, password, firstname, lastname, phone, image, active) values (91, 'djefferd2i@china.com.cn', 'djefferd2i', 'kN7|y2QeoMPz2x%7', 'Donalt', 'Jefferd', '+994 752 143 3528', 'http://dummyimage.com/212x100.png/dddddd/000000', true);
insert into users (id, mail, username, password, firstname, lastname, phone, image, active) values (92, 'ellelweln2j@foxnews.com', 'ellelweln2j', 'mX6%1D''O&\9D', 'Eliot', 'LLelweln', '+970 511 671 8791', 'http://dummyimage.com/242x100.png/5fa2dd/ffffff', true);
insert into users (id, mail, username, password, firstname, lastname, phone, image, active) values (93, 'ekeymar2k@desdev.cn', 'ekeymar2k', 'pD5*Dj4vzs', 'Eilis', 'Keymar', '+62 716 557 0905', 'http://dummyimage.com/248x100.png/cc0000/ffffff', true);
insert into users (id, mail, username, password, firstname, lastname, phone, image, active) values (94, 'asinclar2l@ebay.co.uk', 'asinclar2l', 'kM2*B$_vLGqH1UO', 'Alic', 'Sinclar', '+420 893 983 2211', 'http://dummyimage.com/193x100.png/cc0000/ffffff', true);
insert into users (id, mail, username, password, firstname, lastname, phone, image, active) values (95, 'htankus2m@comcast.net', 'htankus2m', 'pL4''TeNn.V4A', 'Hynda', 'Tankus', '+351 624 275 6383', 'http://dummyimage.com/194x100.png/ff4444/ffffff', true);
insert into users (id, mail, username, password, firstname, lastname, phone, image, active) values (96, 'trogers2n@theguardian.com', 'trogers2n', 'lU8}T8/Lhp)q', 'Thurston', 'Rogers', '+234 184 702 0631', 'http://dummyimage.com/150x100.png/dddddd/000000', true);
insert into users (id, mail, username, password, firstname, lastname, phone, image, active) values (97, 'blavens2o@guardian.co.uk', 'blavens2o', 'pC4`%2uRkOLj0', 'Brandice', 'Lavens', '+54 879 268 6147', 'http://dummyimage.com/135x100.png/5fa2dd/ffffff', true);
insert into users (id, mail, username, password, firstname, lastname, phone, image, active) values (98, 'rferrand2p@wordpress.com', 'rferrand2p', 'aL7`kQ{D~uE?MK)/', 'Rafi', 'Ferrand', '+48 514 714 9576', 'http://dummyimage.com/141x100.png/ff4444/ffffff', true);
insert into users (id, mail, username, password, firstname, lastname, phone, image, active) values (99, 'eoldman2q@gnu.org', 'eoldman2q', 'fI8%l!H,\cl_a%''', 'Elinore', 'Oldman', '+51 116 330 3305', 'http://dummyimage.com/210x100.png/cc0000/ffffff', true);
insert into users (id, mail, username, password, firstname, lastname, phone, image, active) values (100, 'cworsom2r@bing.com', 'cworsom2r', 'zB1+f">6%}9|r`K', 'Charlot', 'Worsom', '+234 708 631 7606', 'http://dummyimage.com/204x100.png/cc0000/ffffff', true);

-- group_categories inserts
insert into group_categories (id, description) values (1, 'Viaje');
insert into group_categories (id, description) values (2, 'Restaurante');
insert into group_categories (id, description) values (3, 'Gastos de casa');
insert into group_categories (id, description) values (4, 'Evento');
insert into group_categories (id, description) values (5, 'Regalo');
insert into group_categories (id, description) values (6, 'Hijos');
insert into group_categories (id, description) values (7, 'Animales');

-- groups_app inserts
insert into groups_app (id, description, category_id, creator_user_id, active) values (1, 'Jornadas Full Stack', 4, 1, true);
insert into groups_app (id, description, category_id, creator_user_id, active) values (2, 'Vacaciones Menorca', 1, 1, true);
insert into groups_app (id, description, category_id, creator_user_id, active) values (3, 'Cena en el Daria', 2, 1, true);
insert into groups_app (id, description, category_id, creator_user_id, active) values (4, 'Regalo Jubilacion Pepe', 5, 2, true);
insert into groups_app (id, description, category_id, creator_user_id, active) values (5, 'Auri y Hielo', 7, 4, true);
insert into groups_app (id, description, category_id, creator_user_id, active) values (6, 'Gastos Piso Uni', 3, 5, true);
insert into groups_app (id, description, category_id, creator_user_id, active) values (7, 'Comida La Solana', 2, 5, true);
insert into groups_app (id, description, category_id, creator_user_id, active) values (8, 'Colegio y extraescolares', 6, 9, true);
insert into groups_app (id, description, category_id, creator_user_id, active) values (9, 'Viaje NY', 1, 3, true);
insert into groups_app (id, description, category_id, creator_user_id, active) values (10, 'Navidades 2023', 5, 10, true);
insert into groups_app (id, description, category_id, creator_user_id, active) values (11, 'III Global Game Jam Nakama', 4, 11, true);

-- group_members inserts
insert into group_members (group_id, user_id, percent, equitable) values (1, 49, 0, true);
insert into group_members (group_id, user_id, percent, equitable) values (1, 60, 0, true);
insert into group_members (group_id, user_id, percent, equitable) values (1, 56, 0, true);
insert into group_members (group_id, user_id, percent, equitable) values (1, 71, 0, true);
insert into group_members (group_id, user_id, percent, equitable) values (2, 59, 0, true);
insert into group_members (group_id, user_id, percent, equitable) values (2, 49, 0, true);
insert into group_members (group_id, user_id, percent, equitable) values (2, 95, 0, true);
insert into group_members (group_id, user_id, percent, equitable) values (3, 95, 0, true);
insert into group_members (group_id, user_id, percent, equitable) values (3, 23, 0, true);
insert into group_members (group_id, user_id, percent, equitable) values (3, 51, 0, true);
insert into group_members (group_id, user_id, percent, equitable) values (3, 12, 0, true);
insert into group_members (group_id, user_id, percent, equitable) values (3, 77, 0, true);
insert into group_members (group_id, user_id, percent, equitable) values (4, 31, 0, true);
insert into group_members (group_id, user_id, percent, equitable) values (4, 80, 0, true);
insert into group_members (group_id, user_id, percent, equitable) values (4, 77, 0, true);
insert into group_members (group_id, user_id, percent, equitable) values (4, 52, 0, true);
insert into group_members (group_id, user_id, percent, equitable) values (4, 23, 0, true);
insert into group_members (group_id, user_id, percent, equitable) values (4, 22, 0, true);
insert into group_members (group_id, user_id, percent, equitable) values (4, 38, 0, true);
insert into group_members (group_id, user_id, percent, equitable) values (5, 10, 0, true);
insert into group_members (group_id, user_id, percent, equitable) values (6, 86, 0, true);
insert into group_members (group_id, user_id, percent, equitable) values (6, 23, 0, true);
insert into group_members (group_id, user_id, percent, equitable) values (6, 55, 0, true);
insert into group_members (group_id, user_id, percent, equitable) values (6, 9, 0, true);
insert into group_members (group_id, user_id, percent, equitable) values (7, 73, 0, true);
insert into group_members (group_id, user_id, percent, equitable) values (7, 78, 0, true);
insert into group_members (group_id, user_id, percent, equitable) values (7, 37, 0, true);
insert into group_members (group_id, user_id, percent, equitable) values (7, 71, 0, true);
insert into group_members (group_id, user_id, percent, equitable) values (7, 20, 0, true);
insert into group_members (group_id, user_id, percent, equitable) values (7, 99, 0, true);
insert into group_members (group_id, user_id, percent, equitable) values (7, 31, 0, true);
insert into group_members (group_id, user_id, percent, equitable) values (7, 77, 0, true);
insert into group_members (group_id, user_id, percent, equitable) values (8, 17, 0, true);
insert into group_members (group_id, user_id, percent, equitable) values (9, 82, 0, true);
insert into group_members (group_id, user_id, percent, equitable) values (9, 79, 0, true);
insert into group_members (group_id, user_id, percent, equitable) values (9, 1, 0, true);
insert into group_members (group_id, user_id, percent, equitable) values (9, 99, 0, true);
insert into group_members (group_id, user_id, percent, equitable) values (10, 3, 0, true);
insert into group_members (group_id, user_id, percent, equitable) values (10, 41, 0, true);
insert into group_members (group_id, user_id, percent, equitable) values (10, 96, 0, true);
insert into group_members (group_id, user_id, percent, equitable) values (10, 72, 0, true);
insert into group_members (group_id, user_id, percent, equitable) values (11, 2, 0, true);
insert into group_members (group_id, user_id, percent, equitable) values (11, 69, 0, true);
insert into group_members (group_id, user_id, percent, equitable) values (11, 95, 0, true);
insert into group_members (group_id, user_id, percent, equitable) values (11, 39, 0, true);
insert into group_members (group_id, user_id, percent, equitable) values (11, 32, 0, true);
insert into group_members (group_id, user_id, percent, equitable) values (11, 84, 0, true);
insert into group_members (group_id, user_id, percent, equitable) values (11, 28, 0, true);
insert into group_members (group_id, user_id, percent, equitable) values (11, 31, 0, true);
insert into group_members (group_id, user_id, percent, equitable) values (11, 8, 0, true);
-- Inserto los admin de los grupos
insert into group_members (group_id, user_id, percent, equitable) values (1, 1, 0, true);
insert into group_members (group_id, user_id, percent, equitable) values (2, 1, 0, true);
insert into group_members (group_id, user_id, percent, equitable) values (3, 1, 0, true);
insert into group_members (group_id, user_id, percent, equitable) values (4, 2, 0, true);
insert into group_members (group_id, user_id, percent, equitable) values (5, 4, 0, true);
insert into group_members (group_id, user_id, percent, equitable) values (6, 5, 0, true);
insert into group_members (group_id, user_id, percent, equitable) values (7, 5, 0, true);
insert into group_members (group_id, user_id, percent, equitable) values (8, 9, 0, true);
insert into group_members (group_id, user_id, percent, equitable) values (9, 3, 0, true);
insert into group_members (group_id, user_id, percent, equitable) values (10, 10, 0, true);
insert into group_members (group_id, user_id, percent, equitable) values (11, 11, 0, true);


-- expenses inserts
insert into expenses (id, group_id, description, amount, date, payer_user_id, active) values (1, 1, 'felis donec semper sapien a libero nam', 75.33, '2023-11-13 11:35:31', 49, true);
insert into expenses (id, group_id, description, amount, date, payer_user_id, active) values (2, 1, 'neque sapien placerat ante nulla justo aliquam quis turpis', 254.86, '2024-05-02 12:45:21', 60, true);
insert into expenses (id, group_id, description, amount, date, payer_user_id, active) values (3, 1, 'diam id ornare imperdiet sapien', 972.58, '2023-11-09 05:03:07', 56, true);
insert into expenses (id, group_id, description, amount, date, payer_user_id, active) values (4, 1, 'suspendisse potenti nullam porttitor lacus', 352.02, '2023-12-28 20:32:06', 71, true);
insert into expenses (id, group_id, description, amount, date, payer_user_id, active) values (5, 1, 'faucibus orci luctus et ultrices posuere cubilia curae duis', 480.47, '2024-02-18 10:48:12', 1, true);
insert into expenses (id, group_id, description, amount, date, payer_user_id, active) values (6, 2, 'ullamcorper augue a suscipit nulla elit ac', 393.35, '2024-02-03 10:02:45', 49, true);
insert into expenses (id, group_id, description, amount, date, payer_user_id, active) values (7, 2, 'in sapien iaculis congue vivamus metus arcu adipiscing molestie hendrerit', 105.19, '2024-02-13 22:41:56', 59, true);
insert into expenses (id, group_id, description, amount, date, payer_user_id, active) values (8, 2, 'ipsum primis in faucibus orci luctus et ultrices posuere cubilia', 843.92, '2024-03-09 11:52:44', 95, true);
insert into expenses (id, group_id, description, amount, date, payer_user_id, active) values (9, 2, 'odio donec vitae nisi nam ultrices libero non', 854.36, '2023-11-19 07:54:38', 59, true);
insert into expenses (id, group_id, description, amount, date, payer_user_id, active) values (10, 3, 'libero non mattis pulvinar nulla pede ullamcorper', 50.73, '2023-05-23 07:38:08', 77, true);
insert into expenses (id, group_id, description, amount, date, payer_user_id, active) values (11, 3, 'ipsum ac tellus semper interdum mauris ullamcorper purus', 555.83, '2023-06-26 10:42:41', 23, true);
insert into expenses (id, group_id, description, amount, date, payer_user_id, active) values (12, 3, 'ut blandit non interdum in ante vestibulum', 591.0, '2024-02-03 15:20:33', 12, true);
insert into expenses (id, group_id, description, amount, date, payer_user_id, active) values (13, 3, 'sapien quis libero nullam sit amet turpis elementum', 526.4, '2024-01-13 13:22:05', 12, true);
insert into expenses (id, group_id, description, amount, date, payer_user_id, active) values (14, 3, 'non lectus aliquam sit amet', 488.57, '2024-01-07 22:51:30', 23, true);
insert into expenses (id, group_id, description, amount, date, payer_user_id, active) values (15, 4, 'feugiat non pretium quis lectus suspendisse potenti in eleifend quam', 476.66, '2023-06-23 16:53:39', 80, true);
insert into expenses (id, group_id, description, amount, date, payer_user_id, active) values (16, 4, 'velit eu est congue elementum in hac habitasse platea', 944.85, '2024-01-02 20:20:40', 22, true);
insert into expenses (id, group_id, description, amount, date, payer_user_id, active) values (17, 5, 'bibendum imperdiet nullam orci pede venenatis non sodales', 866.15, '2023-10-19 21:00:18', 10, true);
insert into expenses (id, group_id, description, amount, date, payer_user_id, active) values (18, 5, 'dui nec nisi volutpat eleifend donec ut dolor', 807.92, '2023-05-30 12:13:13', 4, true);
insert into expenses (id, group_id, description, amount, date, payer_user_id, active) values (19, 5, 'in faucibus orci', 390.74, '2024-03-14 17:27:45', 10, true);
insert into expenses (id, group_id, description, amount, date, payer_user_id, active) values (20, 5, 'volutpat in congue etiam justo etiam pretium iaculis justo', 195.94, '2024-01-19 23:05:03', 4, true);
insert into expenses (id, group_id, description, amount, date, payer_user_id, active) values (21, 6, 'eros elementum pellentesque', 367.24, '2024-04-29 02:17:58', 86, true);
insert into expenses (id, group_id, description, amount, date, payer_user_id, active) values (22, 6, 'mauris lacinia sapien quis libero', 949.88, '2023-09-14 06:34:02', 5, true);
insert into expenses (id, group_id, description, amount, date, payer_user_id, active) values (23, 6, 'consectetuer adipiscing elit proin risus praesent lectus vestibulum', 354.16, '2023-12-04 15:57:47', 55, true);
insert into expenses (id, group_id, description, amount, date, payer_user_id, active) values (24, 6, 'eros vestibulum ac est lacinia nisi venenatis tristique fusce', 779.68, '2023-11-06 13:21:21', 23, true);
insert into expenses (id, group_id, description, amount, date, payer_user_id, active) values (25, 6, 'donec vitae nisi nam', 664.38, '2023-08-15 17:28:52', 9, true);
insert into expenses (id, group_id, description, amount, date, payer_user_id, active) values (26, 6, 'quis turpis eget elit sodales scelerisque mauris sit amet', 96.9, '2023-12-19 08:32:23', 86, true);
insert into expenses (id, group_id, description, amount, date, payer_user_id, active) values (27, 6, 'turpis a pede posuere nonummy integer non velit', 395.59, '2024-03-31 03:22:57', 55, true);
insert into expenses (id, group_id, description, amount, date, payer_user_id, active) values (28, 7, 'libero nam dui proin leo odio porttitor id', 514.82, '2024-03-01 13:18:17', 5, true);
insert into expenses (id, group_id, description, amount, date, payer_user_id, active) values (29, 7, 'sociis natoque penatibus et', 283.6, '2023-05-28 22:14:14', 99, true);
insert into expenses (id, group_id, description, amount, date, payer_user_id, active) values (30, 7, 'non velit donec diam', 412.39, '2023-08-09 03:40:49', 77, true);
insert into expenses (id, group_id, description, amount, date, payer_user_id, active) values (31, 7, 'congue diam id ornare imperdiet sapien urna pretium nisl ut', 496.51, '2024-01-13 04:24:01', 99, true);
insert into expenses (id, group_id, description, amount, date, payer_user_id, active) values (32, 7, 'molestie hendrerit at vulputate vitae nisl aenean lectus', 410.34, '2023-12-06 07:27:31', 37, true);
insert into expenses (id, group_id, description, amount, date, payer_user_id, active) values (33, 7, 'neque libero convallis eget eleifend luctus ultricies eu', 746.81, '2024-01-25 14:31:00', 71, true);
insert into expenses (id, group_id, description, amount, date, payer_user_id, active) values (34, 7, 'sed lacus morbi sem mauris laoreet ut', 895.01, '2023-11-10 06:18:01', 20, true);
insert into expenses (id, group_id, description, amount, date, payer_user_id, active) values (35, 7, 'volutpat in congue etiam justo etiam pretium iaculis justo', 230.16, '2024-04-02 22:16:41', 99, true);
insert into expenses (id, group_id, description, amount, date, payer_user_id, active) values (36, 8, 'enim blandit mi in porttitor pede justo eu massa donec', 998.34, '2023-10-06 18:55:17', 17, true);
insert into expenses (id, group_id, description, amount, date, payer_user_id, active) values (37, 8, 'nunc donec quis orci eget orci vehicula', 878.83, '2023-06-29 10:36:30', 9, true);
insert into expenses (id, group_id, description, amount, date, payer_user_id, active) values (38, 9, 'ipsum primis in faucibus orci', 179.87, '2024-02-02 12:26:40', 82, true);
insert into expenses (id, group_id, description, amount, date, payer_user_id, active) values (39, 9, 'pede lobortis ligula sit', 373.59, '2023-08-14 16:31:29', 79, true);
insert into expenses (id, group_id, description, amount, date, payer_user_id, active) values (40, 9, 'etiam pretium iaculis justo', 452.55, '2023-12-02 20:17:16', 1, true);
insert into expenses (id, group_id, description, amount, date, payer_user_id, active) values (41, 9, 'odio cras mi pede malesuada in imperdiet et', 363.26, '2023-12-11 05:47:31', 99, true);
insert into expenses (id, group_id, description, amount, date, payer_user_id, active) values (42, 9, 'felis sed interdum venenatis turpis enim blandit mi in', 489.95, '2024-04-15 15:21:33', 79, true);
insert into expenses (id, group_id, description, amount, date, payer_user_id, active) values (43, 9, 'dui luctus rutrum nulla tellus in sagittis', 82.0, '2024-05-16 15:32:01', 1, true);
insert into expenses (id, group_id, description, amount, date, payer_user_id, active) values (44, 9, 'ornare consequat lectus in est risus', 72.24, '2023-12-12 08:19:12', 3, true);
insert into expenses (id, group_id, description, amount, date, payer_user_id, active) values (45, 10, 'posuere nonummy integer non velit donec diam', 920.82, '2023-09-11 14:36:12', 10, true);
insert into expenses (id, group_id, description, amount, date, payer_user_id, active) values (46, 10, 'nunc donec quis orci eget orci vehicula', 685.01, '2024-03-23 15:49:51', 10, true);
insert into expenses (id, group_id, description, amount, date, payer_user_id, active) values (47, 11, 'id nisl venenatis lacinia', 726.75, '2024-02-15 10:49:58', 2, true);
insert into expenses (id, group_id, description, amount, date, payer_user_id, active) values (48, 11, 'id nisl venenatis lacinia aenean sit', 514.94, '2023-07-18 08:56:50', 95, true);
insert into expenses (id, group_id, description, amount, date, payer_user_id, active) values (49, 11, 'quam fringilla rhoncus mauris', 705.79, '2023-11-25 16:54:46', 84, true);
insert into expenses (id, group_id, description, amount, date, payer_user_id, active) values (50, 11, 'eu nibh quisque id justo sit amet', 650.89, '2023-12-21 17:07:31', 31, true);

